,Lookback:6 Layers:1,Lookback:6 Layers:1,Lookback:6 Layers:1,Lookback:6 Layers:1,Lookback:6 Layers:1,Lookback:6 Layers:2,Lookback:6 Layers:2,Lookback:6 Layers:2,Lookback:6 Layers:2,Lookback:6 Layers:2,Lookback:12 Layers:1,Lookback:12 Layers:1,Lookback:12 Layers:1,Lookback:12 Layers:1,Lookback:12 Layers:1,Lookback:12 Layers:2,Lookback:12 Layers:2,Lookback:12 Layers:2,Lookback:12 Layers:2,Lookback:12 Layers:2,Lookback:24 Layers:1,Lookback:24 Layers:1,Lookback:24 Layers:1,Lookback:24 Layers:1,Lookback:24 Layers:1,Lookback:24 Layers:2,Lookback:24 Layers:2,Lookback:24 Layers:2,Lookback:24 Layers:2,Lookback:24 Layers:2
,R2,MAE,MAPE,AIC,BIC,R2,MAE,MAPE,AIC,BIC,R2,MAE,MAPE,AIC,BIC,R2,MAE,MAPE,AIC,BIC,R2,MAE,MAPE,AIC,BIC,R2,MAE,MAPE,AIC,BIC
morocco,0.9821636706844331,8027.250595497679,0.0224210160873515,62334.88533497106,62635.812100507006,0.9821466895479873,8240.161111962396,0.022306762081878928,62504.51759831893,62805.44436385488,0.9826904863636439,7946.597144979982,0.022562945651699726,62269.448527365734,62570.37529290168,0.9854161044615053,7447.305670152235,0.02008496259655372,61848.95165278422,62149.878418320164,0.9879715200429191,6546.634698236424,0.017972418522398656,61013.67200067823,61314.59876621417,0.9829630295523657,7844.128786097847,0.021286914054047885,62185.34798775101,62486.274753286954
paraguay,0.9505928436053894,146.69028836744533,0.02583586454528759,36392.15062892098,36670.36594045421,0.9485006454128654,155.39898482111784,0.027083165959571033,36765.8679293318,37044.08324086503,0.9528222559710482,148.112544213382,0.02598502179442745,36454.675736328405,36732.89104786164,0.9497668571725439,152.51924284186435,0.026705373365697133,36644.65865729972,36922.87396883295,0.9560360616533784,143.6166750460324,0.02513296752200146,36254.93202187657,36533.147333409805,0.9434137902776659,155.66645005283925,0.027250018571268693,36777.01140549063,37055.22671702386
usa,0.980307628780374,38775.82866179202,0.024746371107574685,72532.59374878608,72810.80906031931,0.9797470663262196,39507.75162488394,0.025336945378236036,72653.7685594134,72931.98387094663,0.8244732869783462,125964.75151303539,0.08191897243984016,80167.36239535469,80445.57770688793,0.925012906625799,77999.86211010242,0.05023797903408491,77061.53041271845,77339.74572425168,-1.1564236188046375,412890.6344090151,0.2906825487171327,87860.29289233008,88138.50820386331,0.5236060167024529,195332.05688202247,0.13352769500577236,83010.13093192557,83288.3462434588
